feature_0,target
0.4967141530112327,0.0955669485014515
-0.13826430117118466,-0.25157581286442476
0.6476885381006925,0.27881978063500795
1.5230298564080254,0.8412019884906466
-0.23415337472333597,-0.38627272662434137
-0.23413695694918055,-0.3597618277809363
1.5792128155073915,0.8476171468995508
0.7674347291529088,0.3536627026985478
-0.4694743859349521,-0.5207980971463891
0.5425600435859647,0.1498459360793557
-0.46341769281246226,-0.5482303796573408
-0.46572975357025687,-0.5542225658168088
0.24196227156603412,0.00491733773735499
-1.913280244657798,-1.3648560512863046
-1.7249178325130328,-1.3141780823685547
-0.5622875292409727,-0.5068212441487697
-1.0128311203344238,-0.8309439985648912
0.3142473325952739,-0.021112082100009075
-0.9080240755212111,-0.7630234533346439
-1.4123037013352917,-1.0310492909242646
1.465648768921554,0.7556540993777279
-0.22577630048653566,-0.26064991673135485
0.06752820468792384,-0.27975877816991235
-1.4247481862134568,-1.0749221101415802
-0.5443827245251827,-0.5410402152643985
0.11092258970986608,-0.13559504139400438
-1.1509935774223028,-0.9339902360192535
0.37569801834567196,-0.04840417577975514
-0.600638689918805,-0.5928394762019854
-0.2916937497932768,-0.36375204819388557
-0.6017066122293969,-0.5086533725758777
1.8522781845089378,0.9821326817962415
-0.013497224737933914,-0.24171428869058414
-1.0577109289559,-0.9032033050439532
0.822544912103189,0.386376205916734
-1.2208436499710222,-0.9674152969112513
0.2088635950047554,-0.08365046453409418
-1.9596701238797756,-1.437073113455185
-1.3281860488984305,-1.0485748763843414
0.19686123586912352,-0.016509749200652707
0.7384665799954104,0.2510065661185972
0.1713682811899705,-0.09784882194522863
-0.11564828238824053,-0.28710605668490846
-0.3011036955892888,-0.4608826493468017
-1.4785219903674274,-1.1360656773064668
-0.7198442083947086,-0.6460683134039863
-0.4606387709597875,-0.49085675007561075
1.0571222262189157,0.48092223754006164
0.3436182895684614,-0.04058731883068488
-1.763040155362734,-1.356319509851168
